"journal-article-10.2307_40037237-ngram1.txt","The Complete Bibliography of \"The Journal of Negro Education,\" 1932-2006"
"journal-article-10.2307_2935286-ngram1.txt","The Crisis of African American Gender Relations"
"journal-article-10.2307_40407563-ngram1.txt","Scholarly Papers"
"journal-article-10.2307_40407332-ngram1.txt","Scholarly Papers"
"journal-article-10.2307_20722190-ngram1.txt","Scholarly Papers"
"journal-article-10.2307_40407513-ngram1.txt","Scholarly Papers"
"journal-article-10.2307_25073850-ngram1.txt","Scholarly Papers"
"journal-article-10.2307_40407388-ngram1.txt","Scholarly Papers"
"journal-article-10.2307_2932219-ngram1.txt","Studies in Caribbean and South American Literature: An Annotated Bibliography, 1991-1992"
"journal-article-10.2307_25073607-ngram1.txt","Scholarly Papers"
"journal-article-10.2307_25073797-ngram1.txt","Scholarly Papers"
"journal-article-10.2307_2931413-ngram1.txt","Studies in Caribbean and South American Literature: An Annotated Bibliography, 1990"
"journal-article-10.2307_40407203-ngram1.txt","Scholarly Papers"
"journal-article-10.2307_25073553-ngram1.txt","Scholarly Papers"
"journal-article-10.2307_3299438-ngram1.txt","Black Male Racial Victimhood"
"journal-article-10.2307_2931339-ngram1.txt","Studies in Caribbean and South American Literature: An Annual Annotated Bibliography, 1989"
"journal-article-10.2307_25073399-ngram1.txt","Scholarly Papers"
"journal-article-10.2307_4133645-ngram1.txt","Scholarly Papers"
"journal-article-10.2307_41931294-ngram1.txt","Testimonies in Exile: Sudanese Gender Politics"
"journal-article-10.2307_41412486-ngram1.txt","Back Matter"
"journal-article-10.2307_25073919-ngram1.txt","Scholarly Papers"
"journal-article-10.2307_25073740-ngram1.txt","Scholarly Papers"
"journal-article-10.2307_3134076-ngram1.txt","Scholarly Papers"
"journal-article-10.2307_25073274-ngram1.txt","Scholarly Papers"
"journal-article-10.2307_43525475-ngram1.txt","An Independent Approach to Black Studies: The Institute of the Black World (IBW) and its Evaluation and Support of Black Studies"
"journal-article-10.2307_40407620-ngram1.txt","Scholarly Papers"
"journal-article-10.2307_3134160-ngram1.txt","Scholarly Papers"
"journal-article-10.2307_3592470-ngram1.txt","Scholarly Papers"
"journal-article-10.2307_43525473-ngram1.txt","The Black Campus Movement and the Institutionalization of Black Studies, 1965-1970"
"journal-article-10.2307_2999192-ngram1.txt","Scholarly Papers"
"journal-article-10.2307_2931178-ngram1.txt","Studies in Caribbean and South American Literature: An Annual Annotated Bibliography, 1988"
"journal-article-10.2307_43525428-ngram1.txt","Moving from Victims to Victors: African American Attitudes on the \"Culture of Poverty\" and Black Blame"
"journal-article-10.2307_3300499-ngram1.txt","The Body as Evidence: Resistance, Collaboration, and Appropriation in \"The History of Mary Prince\""
"journal-article-10.2307_3134325-ngram1.txt","Scholarly Papers"
"journal-article-10.2307_2998869-ngram1.txt","Scholarly Papers"
"journal-article-10.2307_43525533-ngram1.txt","The Impact of Demographic Variables on Professor's Perceptions of Post-secondary Health Education Curricula"
"journal-article-10.2307_2998799-ngram1.txt","Scholarly Papers"
"journal-article-10.2307_40027030-ngram1.txt","In Memoriam: Professor Nellie Y. McKay (1930-2006)"
"journal-article-10.2307_4133772-ngram1.txt","Scholarly Papers"
"journal-article-10.2307_3300682-ngram1.txt","Looking for Jimmy Baldwin: Sex, Privacy, and Black Nationalist Fervor"
"journal-article-10.2307_2901236-ngram1.txt","\"Mothers of Tomorrow\": The New Negro Renaissance and the Politics of Maternal Representation"
"journal-article-10.2307_2931177-ngram1.txt","Studies in Afro-American Literature: An Annual Annotated Bibliography 1988"
"journal-article-10.2307_41067292-ngram1.txt","THE BLACK SCHOLAR BLACK BOOKS ROUNDUP #13"
"journal-article-10.2307_4133579-ngram1.txt","Scholarly Papers"
"journal-article-10.2307_2962427-ngram1.txt","Scholarly Papers"
"journal-article-10.2307_2999035-ngram1.txt","Scholarly Papers"
"journal-article-10.2307_20722242-ngram1.txt","Scholarly Papers"
"journal-article-10.2307_41067407-ngram1.txt","THE BLACK SCHOLAR BLACK BOOKS ROUNDUP #14"
"journal-article-10.2307_2931391-ngram1.txt","Studies in African-American Literature: An Annual Annotated Bibliography, 1989"
"journal-article-10.2307_2999424-ngram1.txt","Scholarly Papers"
"journal-article-10.2307_phylon1960.53.2.54-ngram1.txt","“More Power to Your Great Self”:"
"journal-article-10.2307_2931722-ngram1.txt","Studies in Afro-American Literature: An Annual Annotated Bibliography, 1987"
"journal-article-10.2307_25073199-ngram1.txt","Scholarly Papers"
"journal-article-10.2307_2931723-ngram1.txt","Studies in Caribbean and South American Literature: An Annual Annotated Bibliography, 1987"
"journal-article-10.2307_41068838-ngram1.txt","Strategies for Black Liberation in the Era of Globalism: Retronouveau Civil Rights, Militant Black Conservatism, and Radicalism"
"journal-article-10.5406_blacwomegendfami.1.2.0052-ngram1.txt","From Widow to “Welfare Queen”: Welfare and the Politics of Race"
"journal-article-10.2307_3041726-ngram1.txt","Index to Volumes 1-25"
"journal-article-10.2307_2678737-ngram1.txt","Scholarly Papers"
"journal-article-10.2307_20064001-ngram1.txt","In Search of the \"Revolutionary Generation\": (En)gendering the Golden Age of Rap Nationalism"
"journal-article-10.2307_41819179-ngram1.txt","Race, Gender and Progress: Are Black American Women the New Model Minority?"
"journal-article-10.2307_2932205-ngram1.txt","Volume Information"
"journal-article-10.2307_24573089-ngram1.txt","Measuring the Meaning of Black Media Stereotypes and Their Relationship to the Racial Identity, Black History Knowledge, and Racial Socialization of African American Youth"
"journal-article-10.2307_2930816-ngram1.txt","Studies in Caribbean and South American Literature: An Annual Annotated Bibliography, 1986"
"journal-article-10.2307_41067594-ngram1.txt","THE BLACK SCHOLAR BLACK BOOKS ROUNDUP # 15"
"journal-article-10.5406_blacwomegendfami.6.1.0071-ngram1.txt","Negotiating Race and Womanhood across the Pacific: African American Women in Japan under U.S. Military Occupation, 1945-52"
"journal-article-10.5406_womgenfamcol.1.2.0180-ngram1.txt","Multidimensional Approaches to Examining Gender and Racial/Ethnic Stratification in Health"
"journal-article-10.2307_23783546-ngram1.txt","\"The People Inside My Head, Too\": Madness, Black Womanhood, and the Radical Performance of Lauryn Hill"
"journal-article-10.2307_2962654-ngram1.txt","Scholarly Papers"
"journal-article-10.2307_41328657-ngram1.txt","Staging the Garveyite Home: Black Masculinity, Failure, and Redemption in Theodore Ward's \"Big White Fog\""
"journal-article-10.2307_41819234-ngram1.txt","Sex, Stigma, and the Holy Ghost: The Black Church and the Construction of AIDS in New York City"
"journal-article-10.2307_27802565-ngram1.txt","Punked for Life: Paul Beatty's The White Boy Shuffle and Radical Black Masculinities"
"journal-article-10.5406_blacwomegendfami.1.2.0001-ngram1.txt","The Health Status of Black Women: Breaking through the Glass Ceiling"
"journal-article-10.2307_3299727-ngram1.txt","The Dictator's Seduction: Gender and State Spectacle during the Trujillo Regime"
"journal-article-10.2307_2962734-ngram1.txt","Scholarly Papers"
"journal-article-10.2307_43525443-ngram1.txt","Sisterhood and Sexuality: Attitudes about Homosexuality among Members of Historically Black Sororities"
"journal-article-10.2307_3299570-ngram1.txt","Any Love: Silence, Theft, and Rumor in the Work of Luther Vandross"
"journal-article-10.2307_2679044-ngram1.txt","Scholarly Papers"
"journal-article-10.2307_2679220-ngram1.txt","Scholarly Papers"
"journal-article-10.2307_3211190-ngram1.txt","The Context of Violence for Children of Color: Violence in the Community and in the Media"
"journal-article-10.2307_41931274-ngram1.txt","The State of the Women's Movement in Eritrea"
"journal-article-10.2307_20064019-ngram1.txt","\"There Won't Be Any Rich People in Heaven\": The Black Christ, White Hypocrisy, and the Gospel According to W. E. B. Du Bois"
"journal-article-10.2307_24573590-ngram1.txt","The Asian American Writing Movement and Black Radicalism: Race and Gender Politics in Multiethnic Anthologies"
"journal-article-10.2307_43526694-ngram1.txt","The Cinematic Incarnation of Frazier's Black Bourgeoisie: Tyler Perry's Black Middle-Class"
"journal-article-10.2307_43525543-ngram1.txt","Black Women's Agenda Setting in the Maryland State Legislature"
"journal-article-10.5406_womgenfamcol.2.1.0001-ngram1.txt","The Impact of Community Involvement, Religion, and Spirituality on Happiness and Health among a National Sample of Black Lesbians"
"journal-article-10.2307_2998952-ngram1.txt","Scholarly Papers"
"journal-article-10.2307_4134098-ngram1.txt","Latasha Haruns, Soon JA DU, and Joyce Karlin: A Case Study of Multicultural Female Violence and Justice on the Urban Frontier"
"journal-article-10.2307_2999113-ngram1.txt","Scholarly Papers"
"journal-article-10.2307_41809995-ngram1.txt","\"DON'T LET ME BE MISUNDERSTOOD\": Nina Simone's Theater of Invisibility"
"journal-article-10.2307_41068619-ngram1.txt","WHAT'S IN A NAME? Womanism, Black Feminism, and Beyond"
"journal-article-10.2307_3180967-ngram1.txt","The HIV/AIDS Epidemic in African American Communities: Lessons from UNAIDS and Africa"
"journal-article-10.2307_41819047-ngram1.txt","\"The Same Old Danger/But a Brand New Pleasure\": The Black Arts Movement in the 21st Century"
"journal-article-10.2307_1562475-ngram1.txt","Hidden in Plain View: African American Women, Radical Feminism, and the Origins of Women's Studies Programs, 1967-1974"
"journal-article-10.2307_40027387-ngram1.txt","Historical Memory, Romantic Narrative, and Sally Hemings"
"journal-article-10.2307_23316249-ngram1.txt","Southern Patriarchy and the Figure of the White Woman in Gwendolyn Brooks's \"A Bronzeville Mother Loiters in Mississippi. Meanwhile, a Mississippi Mother Burns Bacon\""
"journal-article-10.2307_2901423-ngram1.txt","Waste and Whiteness: Zora Neale Hurston and the Politics of Eugenics"
"journal-article-10.2307_2783855-ngram1.txt","Changing Concepts of the Black Woman"
"journal-article-10.2307_41069993-ngram1.txt","Race &amp; Racism in the Last Quarter of '95: The OJ &amp; Post-OJ Trial &amp; The Million Man March - A Symposium"
"journal-article-10.2307_41328609-ngram1.txt","\"The Kiss of Memory\": The Problem of Love in Hurston's \"Their Eyes Were Watching God\""
"journal-article-10.2307_40301264-ngram1.txt","Whiting up and Blacking Out: White Privilege, Race, and White Chicks"
"journal-article-10.2307_40034570-ngram1.txt","Historically Black Colleges and Universities: Honoring the Past, Engaging the Present, Touching the Future"
"journal-article-10.2307_41931273-ngram1.txt","From Warriors to Wives: Contradictions of Liberation and Development in Eritrea"
"journal-article-10.5406_blacwomegendfami.1.1.0046-ngram1.txt","Where’s the Violence? The Promise and Perils of Teaching Women of Color Studies"
"journal-article-10.2307_1562448-ngram1.txt","\"The Boy Problem\": North Carolina Race Men Groom the Next Generation, 1900-1930"
"journal-article-10.2307_41931346-ngram1.txt","Potential HIV Risk Behaviors among Ethiopians and Eritreans in the Diaspora: A Bird's-Eye View"
"journal-article-10.2307_40282545-ngram1.txt","Race and Gender in the Media: A Content Analysis of Advertisements in Two Mainstream Black Magazines"
"journal-article-10.2307_41068151-ngram1.txt","THE POLITICAL ECONOMY OF BLACK FAMILY LIFE"
"journal-article-10.2307_41819019-ngram1.txt","W.E.B. Du Bois and \"The Damnation of Women\": An Essay on Africana Anti-Sexist Critical Social Theory"
"journal-article-10.2307_41819190-ngram1.txt","Marriage Among African Americans: What Does the Research Reveal?"
"journal-article-10.2307_2668025-ngram1.txt","\"We Make Freedom\": An Exploration of Revolutionary Black Feminism"
"journal-article-10.2307_2668091-ngram1.txt","The Historical Evolution of Black Feminist Theory and Praxis"
"journal-article-10.2307_41069774-ngram1.txt","MAKING WAVES: THE THEORY AND PRACTICE OF BLACK FEMINISM"
"journal-article-10.5406_blacwomegendfami.6.1.0023-ngram1.txt","Thugs, Nice Guys, and Players: Black College Women's Partner Preferences and Relationship Expectations"
"journal-article-10.2307_41242603-ngram1.txt","NINA SIMONE'S TRIPLE PLAY"
"journal-article-10.2307_40034959-ngram1.txt","Any Four Black Men Will Do: Rape, Race, and the Ultimate Scapegoat"
"journal-article-10.2307_20064000-ngram1.txt","Oppositional Consciousness within an Oppositional Realm: The Case of Feminism and Womanism in Rap and Hip Hop, 1976-2004"
"journal-article-10.2307_27802556-ngram1.txt","Writing the Self into Being: Anna Julia Cooper's Textual Politics"
"journal-article-10.2307_3042176-ngram1.txt","Self-Delusion and Self-Sacrifice in Nella Larsen's Quicksand"
"journal-article-10.2307_2932171-ngram1.txt","Testeria: The Dis-ease of Black Men in White Supremacist, Patriarchal Culture"
"journal-article-10.2307_41819214-ngram1.txt","Ageism through Omission: The Obsolescence of Black Women's Sexuality"
"journal-article-10.2307_2717630-ngram1.txt","Border State Terror and The Genesis of the African-American Community in Deer Lodge and Choteau Counties, Montana, 1870-1890"
"journal-article-10.2307_43525441-ngram1.txt","Sophisticated Practitioners: Black Fraternity Men's Treatment of Women"
"journal-article-10.5406_blacwomegendfami.1.1.0001-ngram1.txt","African American Women and Their Communities in the Twentieth Century: The Foundation and Future of Black Women’s Studies"
"journal-article-10.2307_2784840-ngram1.txt","African Studies in Canada: Problems and Challenges"
"journal-article-10.2307_2930814-ngram1.txt","Studies in Afro-American Literature: An Annual Annotated Bibliography, 1986"
"journal-article-10.2307_41819275-ngram1.txt","Coping with Gendered Racial Microaggressions among Black Women College Students"
"journal-article-10.5406_blacwomegendfami.1.1.0024-ngram1.txt","Building a Home for Black Women’s Studies"
"journal-article-10.5406_blacwomegendfami.3.1.0039-ngram1.txt","An Issue of Environmental Justice: Understanding the Relationship among HIV/AIDS Infection in Women, Water Distribution, and Global Investment in Rural Sub-Saharan Africa"
"journal-article-10.2307_3805636-ngram1.txt","\"Toward an All-Inclusive Structure\": The Early Fiction of Gayl Jones"
"journal-article-10.5323_jafriamerhist.97.4.0376-ngram1.txt","AFRICAN AMERICAN WOMEN, WEALTH ACCUMULATION, AND SOCIAL WELFARE ACTIVISM IN 19TH-CENTURY LOS ANGELES"
"journal-article-10.2307_24573096-ngram1.txt","Social Rhetoric and the Construction of Black Motherhood"
"journal-article-10.2307_3299439-ngram1.txt","Can the Queen Speak? Racial Essentialism, Sexuality and the Problem of Authority"
"journal-article-10.2307_41067784-ngram1.txt","UNRAVELING FABRIC, MISSING THE BEAT: CLASS AND GENDER IN AFRO-AMERICAN SOCIAL ISSUES"
"journal-article-10.2307_41068690-ngram1.txt","THE BLACK SCHOLAR BLACK BOOKS ROUNDUP 1996"
"journal-article-10.2307_2903313-ngram1.txt","Slouching toward Beastliness: Richard Wright's Anatomy of Thomas Dixon"
"journal-article-10.2307_3041781-ngram1.txt","Williams in Ebony: Black and Multi-Racial Productions of a Streetcar Named Desire"
"journal-article-10.2307_41819274-ngram1.txt","More than Jezebels and Freaks: Exploring How Black Girls Navigate Sexual Coercion and Sexual Scripts"
"journal-article-10.2307_2930917-ngram1.txt","Studies in Afro-American Literature: An Annual Annotated Bibliography, 1985"
"journal-article-10.2307_3211212-ngram1.txt","Racialized Boundaries: Women's Studies and the Question of \"Difference\" in Brazil"
"journal-article-10.2307_3299219-ngram1.txt","Seduction and the Ruses of Power"
"journal-article-10.2307_40027413-ngram1.txt","Bourgeois Blackness and Autobiographical Authenticity in Ellen Tarry's \"The Third Door\""
"journal-article-10.2307_44511876-ngram1.txt","Re-reading Ann Allen Shockley through Queer Queen B Eyes"
"journal-article-10.2307_2904436-ngram1.txt","In Search of our Fathers' Arms: Alice Walker's Persona of the Alienated Darling"
"journal-article-10.2307_2963342-ngram1.txt","Scholarly Papers"
"journal-article-10.2307_41328610-ngram1.txt","The Trouble with Publicness: Toward a Theory of Black Quiet"
"journal-article-10.5406_blacwomegendfami.3.2.0048-ngram1.txt","Understanding the Impact of Maternal Messages Given to Single, Educated African American Women about Relationships"
"journal-article-10.5406_blacwomegendfami.6.2.0001-ngram1.txt","\"Some were wild, some were soft, some were tame, and some were fiery\": Female Dancers, Male Explorers, and the Sexualization of Blackness, 1600-1900"
"journal-article-10.5406_blacwomegendfami.1.2.0078-ngram1.txt","What It Do, Shorty?: Women, Hip-Hop, and a Feminist Agenda"
"journal-article-10.2307_1512353-ngram1.txt","Other Works Received"
"journal-article-10.2307_40027383-ngram1.txt","Buried Alive: Gothic Homelessness, Black Women's Sexuality, and (Living) Death in Ann Petry's \"The Street\""
"journal-article-10.2307_41412504-ngram1.txt","READING AND BEING READ: Jamaica Kincaid's \"A Small Place\" as Literary Agent"
"journal-article-10.2307_41328660-ngram1.txt","\"The White Women All Go for Sex\": Frances Harper on Suffrage, Citizenship, and the Reconstruction South"
"journal-article-10.2307_2903281-ngram1.txt","Nella Larsen and the Intertextual Geography of Quicksand"
"journal-article-10.5406_blacwomegendfami.3.2.0068-ngram1.txt","Debunking the Myth of the “Angry Black Woman”: An Exploration of Anger in Young African American Women"
"journal-article-10.5406_womgenfamcol.2.2.0185-ngram1.txt","A Cape Verdean Perspective on Disability: An Invisible Minority in New England"
"journal-article-10.2307_2784831-ngram1.txt","Race, Gender, and Welfare Reform: The Antinatalist Response"
"journal-article-10.2307_3299820-ngram1.txt","An Interview with Farah Jasmine Griffin"
"journal-article-10.2307_43525559-ngram1.txt","The International Dimensions of Everyday Black Political Participation"
"journal-article-10.2307_25426988-ngram1.txt","Passing in the Post-Race Era: Danzy Senna, Philip Roth, and Colson Whitehead"
"journal-article-10.2307_41931240-ngram1.txt","Identity and Contemporary Representations: The Heritage of Alberto Pollera's Monograph, \"I Baria e i Kunama\""
"journal-article-10.2307_25426986-ngram1.txt","\"The Poet in the World, the World in the Poet\": Cyrus Cassells's and Elizabeth Alexander's Versions of Post-Soul Cosmopolitanism"
"journal-article-10.2307_3299569-ngram1.txt","Passion(ate) Plays \"Wherever We Found Space\": Lorde and Gomez Queer(y)ing Boundaries and Acting In"
"journal-article-10.2307_40033765-ngram1.txt","\"Suddenly and Shockingly Black\": The Atavistic Child in Turn-into-the-Twentieth-Century American Fiction"
"journal-article-10.2307_1512225-ngram1.txt","Other Works Received"
"journal-article-10.2307_23316192-ngram1.txt","M/othering the Nation: Women's Bodies as Nationalist Trope in Edwidge Danticat's \"Breath, Eyes, Memory\""
"journal-article-10.2307_4134423-ngram1.txt","A Critical Divination: Reading Sula as Ogbanje-Abiku"
"journal-article-10.2307_23783603-ngram1.txt","If You Look in My Life: Love, Hip-Hop Soul, and Contemporary African American Womanhood"
"journal-article-10.2307_2696232-ngram1.txt","Strengths and Needs of African American and European American Grandmothers in the Working and Middle Classes"
"journal-article-10.2307_40033770-ngram1.txt","\"Do I Look like Someone You Can Come Home to from Where You May Be Going?\": Re-Mapping Interracial Anxiety in Octavia Butler's \"Kindred\""
"journal-article-10.2307_24589836-ngram1.txt","\"Belch the pity! / Straddle the city!\": Helene Johnson's Late Poetry and the Rhetoric of Empowerment"
"journal-article-10.2307_41819213-ngram1.txt","Black Male Sexual Politics: Avoidance of HIV/AIDS Testing as a Masculine Health Practice"
"journal-article-10.2307_2784792-ngram1.txt","African Womanism: An Afrocentric Theory"
"journal-article-10.2307_41069011-ngram1.txt","\"Ghetto Heaven\": Sef It Off and the Valorization of Black Lesbian Butch-Femme Sociality"
"journal-article-10.2307_2717497-ngram1.txt","Playing Ball in a Black and White \"Field of Dreams\": Afro-Caribbean Ballplayers in the Negro Leagues, 1910-1950"
"journal-article-10.5406_womgenfamcol.2.1.0079-ngram1.txt","That's Not Me I See on TV . . . : African American Youth Interpret Media Images of Black Females"
"journal-article-10.2307_2963129-ngram1.txt","Scholarly Papers"
"journal-article-10.2307_3133893-ngram1.txt","Scholarly Papers"
"journal-article-10.2307_24589835-ngram1.txt","\"Youse in New Yawk\": The Gender Politics of Zora Neale Hurston's \"Lost\" Caroline Stories"
"journal-article-10.2307_24589858-ngram1.txt","James Baldwin and Black Women's Fiction"
"journal-article-10.2307_3041694-ngram1.txt","Dialogic Modes of Representing Africa(s): Womanist Film"
"journal-article-10.2307_3042215-ngram1.txt","\"Yours Very Truly\": Ellen Craft--The Fugitive as Text and Artifact"
"journal-article-10.2307_3211188-ngram1.txt","Introduction and Overview: Commercialism in the Lives of Children of Color: Change, Challenge, and Confrontation"
"journal-article-10.2307_3211235-ngram1.txt","Rap Music and Its Violent Progeny: America's Culture of Violence in Context"
"journal-article-10.2307_3300856-ngram1.txt","Converging Spectres of an Other within: Race and Gender in Prewar Afro-German History"
"journal-article-10.2307_23414671-ngram1.txt","The Effects of Social Determinants on Black Women's HIV Risk: HIV Is Bigger Than Biology"
"journal-article-10.2307_30132083-ngram1.txt","Black Power: Minstrelsy and Electricity in Ralph Ellison's \"Invisible Man\""
"journal-article-10.2307_40027409-ngram1.txt","Harlem Is Burning: Urban Rioting and the \"Black Underclass\" in Chester Himes's \"Blind Man with a Pistol\""
"journal-article-10.2307_23783541-ngram1.txt","The Science of Freedom: Counterarchives of Racial Science on the Antebellum Stage"
"journal-article-10.2307_41819212-ngram1.txt","Between the Two: Bisexual Identity Among African Americans"
"journal-article-10.2307_2903310-ngram1.txt","Picturing the Mother, Claiming Egypt: My Bondage and My Freedom as Auto(bio)ethnography"
"journal-article-10.2307_40301259-ngram1.txt","Towards an Aesthetic of Transgression: Ann Allen Shockley's \"Loving Her\" and the Politics of Same-Gender Loving"
"journal-article-10.2307_3300061-ngram1.txt","Reflections, Riffs and Remembrances: The Black Queer Studies in the Millennium Conference (2000)"
"journal-article-10.2307_41819396-ngram1.txt","Solve for X: Black Mothers + Black Boys = X"
"journal-article-10.2307_40301247-ngram1.txt","Black Anxiety about Immigration and Jessie Fauset's \"The Sleeper Wakes\""
"journal-article-10.2307_24589834-ngram1.txt","The Importance of Neglected Intersections: Race and Gender in Contemporary Zombie Texts and Theories"
"journal-article-10.2307_40034332-ngram1.txt","Black Womanhood: \"Essence\" and its Treatment of Stereotypical Images of Black Women"
"journal-article-10.2307_3042239-ngram1.txt","Nella Larsen's Passing and the Fading Subject"
"journal-article-10.2307_40033670-ngram1.txt","Inheriting the Criminalized Black Body: Race, Gender, and Slavery in \"Eva's Man\""
"journal-article-10.2307_44511503-ngram1.txt","'The human body in motion': Writing the Body/Righting History in the Plays of Ntozake Shange"
"journal-article-10.2307_23316247-ngram1.txt","Visions of Tribulation: White Gaze and Black Spectacle in Richard Wright's \"Native Son\" and \"The Outsider\""
"journal-article-10.2307_41819277-ngram1.txt","A Radical Reconstruction of Resistance Strategies: Black Girls and Black Women Reclaiming Our Power Using Transdisciplinary Applied Social Justice©, Ma'at, and Rites of Passage"
"journal-article-10.2307_27654967-ngram1.txt","Moses, Monster of the Mountain: Gendered Violence in Black Leadership's Gothic Tale"
"journal-article-10.2307_2932256-ngram1.txt","Phallus(ies) of Interpretation: Toward Engendering the Black Critical \"I\""
"journal-article-10.5406_blacwomegendfami.4.1.0009-ngram1.txt","Black Lesbians and Racial Identity in Contemporary Cuba"
"journal-article-10.2307_23783544-ngram1.txt","Utopian Movements: Nikki Giovanni and the Convocation Following the Virginia Tech Massacre"
"journal-article-10.5406_womgenfamcol.2.1.0057-ngram1.txt","Masculinity, Religion, and Modernism: A Consideration of Benjamin Elijah Mays and Richard Wright"
"journal-article-10.2307_1512440-ngram1.txt","\"Try to Refrain from That Desire\": Self-Control and Violent Passion in Oscar Micheaux's African American Western"
"journal-article-10.2307_27743071-ngram1.txt","Omnipresent Negation: \"Hottentot Venus\" and \"Africa Rising\""
"journal-article-10.2307_40301209-ngram1.txt","\"Manumission and Marriage?\": Freedom, Family, and Identity in Charles Johnson's \"Oxherding Tale\""
"journal-article-10.2307_40732887-ngram1.txt","TRANSIENT WOMEN OF THE SOUTHERN CARIBBEAN 1790-1820"
"journal-article-10.2307_41819142-ngram1.txt","Understanding Prostate Cancer Screenings among African American Men: Combining the Behavioral Science and Anthropological Perspectives"
"journal-article-10.2307_23783436-ngram1.txt","Black Women's Labor and the Melodrama of Class Mobility in Sutton Griggs's \"Overshadowed\""
"journal-article-10.2307_25610049-ngram1.txt","Prisoner of Love: Affiliation, Sexuality, and the Black Panther Party"
"journal-article-10.2307_41069640-ngram1.txt","Performing the Twenty-first Century Tragic Mulatto: Black, White, And Jewish: Autobiography of a Shifting Self, by Rebecca Walker"
"journal-article-10.2307_41819399-ngram1.txt","Mother-Only Versus Father-Only Households: Educational Outcomes for African American Males"
"journal-article-10.2307_1350160-ngram1.txt","Black and \"Dangerous\"?: African American Working Poor Perspectives on Juvenile Reform and Welfare in Victorian New York, 1840-1890"
"journal-article-10.2307_23783549-ngram1.txt","The Case of Rihanna: Erotic Violence and Black Female Desire"
"journal-article-10.2307_27654963-ngram1.txt","Mamie Bradley's Unbearable Burden: Sexual and Aesthetic Politics in Bebe Moore Campbell's \"Your Blues Ain't Like Mine\""
"journal-article-10.2307_3299571-ngram1.txt","Chasing Fae: \"The Watermelon Woman\" and Black Lesbian Possibility"
"journal-article-10.2307_2904147-ngram1.txt","Race, Gender, and the Politics of Reading"
"journal-article-10.2307_3299573-ngram1.txt","Queer Black Studies: An Annotated Bibliography, 1994-1999"
"journal-article-10.2307_25609967-ngram1.txt","Entertaining Citizenship: Masculinity and Minstrelsy in Post—Emancipation San Francisco"
"journal-article-10.2307_2901254-ngram1.txt","\"Relate Sexual to Historical\": Race, Resistance, and Desire in Gayl Jones's Corregidora"
"journal-article-10.5406_blacwomegendfami.5.1.0041-ngram1.txt","The Impact of Self-Care on Homecare Dependency among Elderly Black Women"
"journal-article-10.2307_23414690-ngram1.txt","African American Men's Attitudes Toward Marriage"
"journal-article-10.2307_2717668-ngram1.txt","Who Should Have the Children? Discussions of Birth Control among African-American Intellectuals, 1920-1939"
"journal-article-10.2307_2901386-ngram1.txt","\"The Kindergarten of New Consciousness\": Gwendolyn Brooks and the Social Construction of Childhood"
"journal-article-10.2307_2967300-ngram1.txt","African American Males and Fatherhood: Issues in Research and Practice"
"journal-article-10.2307_3300123-ngram1.txt","A Small Place Writes Back"
"journal-article-10.5323_jafriamerhist.98.1.0072-ngram1.txt","THE BLOOD OF MOTHERS: WOMEN, MONEY, AND MARKETS IN YORUBA-ATLANTIC PERSPECTIVE"
"journal-article-10.2307_40282584-ngram1.txt","The Attitudes of Black and White College Students toward Gays and Lesbians"
"journal-article-10.2307_40962783-ngram1.txt","KIPPS, BELSEY, AND JEGEDE: Cosmopolitanism, Transnationalism, and Black Studies in Zadie Smith's \"On Beauty\""
"journal-article-10.2307_41068960-ngram1.txt","Black Studies, Afrocentrism and Coalition-Building: St. Clair Drake's Black Folk Here and There"
"journal-article-10.2307_41067787-ngram1.txt","THE BLACK SCHOLAR BLACK BOOKS ROUNDUP #17 FALL 1992"
"journal-article-10.2307_41243201-ngram1.txt","\"CHECK WITH YO' MAN FIRST; CHECK WITH YO' MAN\": Tyler Perry Appropriates Drag as a Tool to Re-Circulate Patriarchal Ideology"
"journal-article-10.2307_41328664-ngram1.txt","African American Whiteness in Gloria Naylor's \"Linden Hills\""
"journal-article-10.2307_41819263-ngram1.txt","After 75 Years of Magic: Disney Answers Its Critics, Rewrites African American History, and Cashes In on Its Racist Past"
"journal-article-10.5406_blacwomegendfami.2.2.0053-ngram1.txt","Playing the Numbers: Madame Stephanie St. Clair and African American Policy Culture in Harlem"
"journal-article-10.2307_1512423-ngram1.txt","Re-Imagining Agency: Toni Morrison's \"Paradise\""
"journal-article-10.2307_23783543-ngram1.txt","A New Kind of Black Soldier: Performing Revolution in The Spook Who Sat by the Door"
"journal-article-10.2307_2901299-ngram1.txt","Comic Book Masculinity and the New Black Superhero"
"journal-article-10.2307_43526418-ngram1.txt","Mammies and Matriarchs: Tracing Images of the Black Female in Popular Culture 1950s to Present"
"journal-article-10.2307_2935080-ngram1.txt","AIDS, Africa, and Cultural Theory"
"journal-article-10.2307_3041916-ngram1.txt","Alice Walker's Redemptive Art"
"journal-article-10.2307_41819368-ngram1.txt","African American Masculinity: Power and Expression"
"journal-article-10.2307_2901380-ngram1.txt","Revolutionary Suicide in Toni Morrison's Fiction"
"journal-article-10.2307_43199118-ngram1.txt","His Deep and Abiding Love: W.E.B. Du Bois, Gender Politics, and Black Studies"
"journal-article-10.2307_3299294-ngram1.txt","Black Men in the Mix: Badboys, Heroes, Sequins, and Dennis Rodman"
"journal-article-10.2307_41931275-ngram1.txt","The Production of Patriotic Spirituality: Ethiopian Orthodox Women's Experience of War and Social Crisis"
"journal-article-10.2307_40033650-ngram1.txt","\"Ironic Soil\": Recuperative Rhythms and Negotiated Nationalisms"
"journal-article-10.2307_30135904-ngram1.txt","\"Everything 'Cept Eat Us\": The Antebellum Black Body Portrayed as Edible Body"
"journal-article-10.2307_40033712-ngram1.txt","\"The Strangest Freaks of Despotism\": Queer Sexuality in Antebellum African American Slave Narratives"
"journal-article-10.2307_41068802-ngram1.txt","Revolutionary Black Feminism: Toward a Theory of Unity and Liberation"
"journal-article-10.2307_4177044-ngram1.txt","The Round Table on Integrative Inquiry"
"journal-article-10.2307_20064018-ngram1.txt","\"Marsa Never Sot Aunt Rebecca down\": Enslaved Women, Religion, and Social Power in the Antebellum South"
"journal-article-10.2307_3042119-ngram1.txt","\"Love Me Like I Like to Be\": The Sexual Politics of Hurston's Their Eyes were Watching God, the Classic Blues, and the Black Women's Club Movement"
"journal-article-10.2307_2901420-ngram1.txt","\"Looking at One's Self through the Eyes of Others\": W.E.B. Du Bois's Photographs for the 1900 Paris Exposition"
"journal-article-10.2307_24589862-ngram1.txt","Brutality and Brotherhood: James Baldwin and Prison Sexuality"
"journal-article-10.2307_3300728-ngram1.txt","Visuality and Black Masculinity in Ralph Ellison's \"Invisible Man\" and Romare Bearden's Photomontages"
"journal-article-10.2307_3180920-ngram1.txt","African American Intergender Relationships: A Theoretical Exploration of Roles, Patriarchy, and Love"
"journal-article-10.2307_23316195-ngram1.txt","Viewing Toni Morrison's \"Paradise\" as a Response to William Carlos Williams's \"Paterson\""
"journal-article-10.2307_24572923-ngram1.txt","Neither Humans nor Rights: Some Notes on the Double Negation of Black Life in Brazil"
"journal-article-10.2307_40282583-ngram1.txt","Personal Characteristics of the Ideal African American Marriage Partner: A Survey of Adult Black Men and Women"
"journal-article-10.2307_20798359-ngram1.txt","Faith in the Unseen: The Intersection(s) of Spirituality and Identity Among African American Males in College"
"journal-article-10.2307_2678863-ngram1.txt","A Short History of Black Feminist Scholars"
"journal-article-10.2307_4150000-ngram1.txt","HIV/AIDS and the African-American Community: Disparities of Policy and Identity"
"journal-article-10.2307_41819167-ngram1.txt","African American Men and Intimate Partner Violence"
"journal-article-10.5406_womgenfamcol.1.1.0033-ngram1.txt","Constructing Syphilis and Black Motherhood: Maternal Health Care for Women of African Descent in New York's Columbus Hill, 1915-30"
"journal-article-10.2307_40282571-ngram1.txt","Speaking up: Mixed Race Identity in Black Communities"
"journal-article-10.2307_41819081-ngram1.txt","Deconstructing \"Down Low\" Discourse: The Politics of Sexuality, Gender, Race, AIDS, and Anxiety"
"journal-article-10.2307_41819183-ngram1.txt","\"I Am Just So Glad You Are Alive\": New Perspectives on Non-Traditional, Non-Conforming, and Transgressive Expressions of Gender, Sexuality, and Race Among African Americans"
"journal-article-10.2307_41931292-ngram1.txt","\"We Are Bought Like Clothes\": The War over Polygyny and Levirate Marriage in South Sudan"
"journal-article-10.2307_44511497-ngram1.txt","Barriers to Connecting: Black Sexual Politics in Aishah Rahman's \"The Lady and the Tramp\""
"journal-article-10.2307_27654840-ngram1.txt","Re/Presenting Self &amp; Other: Trans Deliverance in Caribbean Texts"
"journal-article-10.2307_2931854-ngram1.txt","Whose Legacy?: Voicing Women's Rights from the 1870s to the 1930s"
"journal-article-10.5406_blacwomegendfami.3.2.0029-ngram1.txt","Pathways to Fracture: African American Mothers and the Complexities of Maternal Absence"
"journal-article-10.2307_1512255-ngram1.txt","\"When the Pear Blossoms / Cast Their Pale Faces on / the Darker Face of the Earth\": Miscegenation, the Primal Scene, and the Incest Motif in Rita Dove's Work"
"journal-article-10.2307_1512390-ngram1.txt","From Seeking One's Voice to Uttering the Scream: The Pioneering Journey of African American Women Playwrights through the 1960s and 1970s"
"journal-article-10.2307_25609968-ngram1.txt","Framing Sexual Citizenship: Reconsidering the Discourse on African American Families"
"journal-article-10.2307_2784751-ngram1.txt","The Abortion Attitudes of Black Women: 1972-1991"
"journal-article-10.2307_41819027-ngram1.txt","Self-Reflection and the Reflected Self: African American Double Consciousness and the Social (Psychological) Mirror"
"journal-article-10.2307_2931921-ngram1.txt","Marketable Bodies, Possessive Peacocks, and Text as Excess: Edwards-Yearwood's In the Shadow of the Peacock"
"journal-article-10.2307_40301262-ngram1.txt","Demilitarizing Disease: Ambivalent Warfare and Audre Lorde's \"The Cancer Journals\""
"journal-article-10.2307_4134418-ngram1.txt","Cosmopolitanism in Georgia Douglas Johnson's Anti-Lynching Literature"
"journal-article-10.5406_blacwomegendfami.5.1.0001-ngram1.txt","Reviewing the Unspeakable: An Analysis of Book-reviewing Practices of African American Women's Writings of the 1980s"
"journal-article-10.2307_27654974-ngram1.txt","Natural Born ease Man? Masculinity, Vagrancy Law, and Furry Lewis's \"Kassie Jones\""
"journal-article-10.2307_2784159-ngram1.txt","Black Americans and the Feminization of Poverty: The Intervening Effects of Unemployment"
"journal-article-10.2307_2935200-ngram1.txt","Blacklash"
"journal-article-10.2307_3042392-ngram1.txt","Fictive Strategies and Cinematic Representations in Toni Morrison's Beloved: Postcolonial Theory/Postcolonial Text"
"journal-article-10.2307_41328717-ngram1.txt","What Child Is This?: Closely Reading Collectivity and Queer Childrearing in \"Lackawanna Blues\" ana \"Noah's Arc\""
"journal-article-10.2307_27802559-ngram1.txt","A Voice beyond the South: Resituating the Locus of Cultural Representation in the Later Writings of Anna Julia Cooper"
"journal-article-10.2307_3041902-ngram1.txt","The \"Unguarded Expressions of the Feelings of the Negroes\": Gender, Slave Resistance, and William Wells Brown's Revisions of Clotel"
"journal-article-10.2307_3211195-ngram1.txt","Sexually Related Content on Television and Adolescents of Color: Media Theory, Physiological Development, and Psychological Impact"
"journal-article-10.2307_40033690-ngram1.txt","Freak Shows, Spectacles, and Carnivals: Reading Jonathan Demme's \"Beloved\""
"journal-article-10.2307_40034979-ngram1.txt","The Contours and Etiology of Whites' Attitudes Toward Black-White Interracial Marriage"
"journal-article-10.2307_4129623-ngram1.txt","How Black Mothers Participate in the Development of Manhood and Masculinity: What Do We Know about Black Mothers and Their Sons?"
"journal-article-10.2307_41328706-ngram1.txt","There is Heterosexuality: Jessie Fauset, W. E. B. Du Bois, and the Problem of Desire"
"journal-article-10.2307_40034660-ngram1.txt","Special Focus: Racial Ideology and Affirmative Action Support in a Diverse College Student Population"
"journal-article-10.2307_41819271-ngram1.txt","Naming and Reclaiming: An Interdisciplinary Analysis of Black Girls' and Women's Resistance Strategies"
"journal-article-10.2307_44511674-ngram1.txt","Memory, Gender, Race and Class: Edwidge Danticat's \"The Farming of Bones\""
"journal-article-10.2307_30132095-ngram1.txt","First Questions: The Mission of Africana Studies: An Interview with Hortense Spillers"
"journal-article-10.2307_1512234-ngram1.txt","Domestic Violence in the Harlem Renaissance: Remaking the Record in Nella Larsen's \"Passing\" and Toni Morrison's \"Jazz\""
"journal-article-10.2307_24572882-ngram1.txt","Act Like a Lady, Think Like a Patriarch: Black Masculine Identity Formation Within the Context of Romantic Relationships"
"journal-article-10.2307_3042355-ngram1.txt","Femininity, Publicity, and the Class Division of Cultural Labor: Jessie Redmon Fauset's There is Confusion"
"journal-article-10.2307_3299441-ngram1.txt","Feeling the Spirit in the Dark: Expanding Notions of the Sacred in the African-American Gay Community"
"journal-article-10.2307_40301257-ngram1.txt","Playing Dead: Harriet Jacobs's Survival Strategy in \"Incidents in the Life of a Slave Gid\""
"journal-article-10.2307_40732890-ngram1.txt","WORLD ROMANCE: Genre, Internationalism, and W. E. B. Du Bois"
"journal-article-10.2307_27743053-ngram1.txt","Our Founding (M)other: Erotic Love and Social Death in \"Sally Hemings\" and \"The President's Daughter\""
"journal-article-10.2307_40033745-ngram1.txt","What the Dickens?: Intertextual Influence and the Inheritance of Virtue in Julia C. Collins's \"The Curse of Caste; or The Slave Bride\""
"journal-article-10.2307_4134053-ngram1.txt","Back Matter"
"journal-article-10.2307_43525498-ngram1.txt","A Case for Including the \"Lived Experience\" of African American Men in Batterers' Treatment"
"journal-article-10.2307_41069712-ngram1.txt","THE BLACK SCHOLAR BLACK BOOKS ROUNDUP # 19"
"journal-article-10.2307_41328710-ngram1.txt","\"Trying to find a place when the streets don't go there\": Fatherhood, Family, and American Racial Politics in Toni Morrison's \"Love\""
"journal-article-10.2307_23274295-ngram1.txt","PRINGLE'S PRUNING OF PRINCE: The History of Mary Prince and the Question of Repetition"
"journal-article-10.2307_2904094-ngram1.txt","(W)riting The Work and Working the Rites"
"journal-article-10.2307_3041934-ngram1.txt","War and Peace: Transfigured Categories and the Politics of Sula"
"journal-article-10.2307_3299960-ngram1.txt","Vodou Imagery, African-American Tradition and Cultural Transformation in Zora Neale Hurston's \"Their Eyes Were Watching God\""
"journal-article-10.2307_40033768-ngram1.txt","Toward Feminine Mythopoetic Visions: The Poetry of Gayl Jones"
"journal-article-10.2307_41819211-ngram1.txt","Black Sexuality in the U.S.: Presentations as Non-normative"
"journal-article-10.2307_43525430-ngram1.txt","Du Bois' Theory of Beauty: Battles of Femininity in \"Darkwater\" and \"Dark Princess\""
"journal-article-10.2307_1512384-ngram1.txt","Something Other than a Family Quarrel: The Beautiful Boys in Morrison's \"Sula\""
"journal-article-10.2307_40027215-ngram1.txt","Women in South Africa: Intentional Violence and HIV/AIDS: Intersections and Prevention"
"journal-article-10.2307_41069186-ngram1.txt","Revolutionary Black Women's Activism: Experience and Transformation"
"journal-article-10.2307_3041930-ngram1.txt","Speaking the Body's Pain: Harriet Wilson's Our Nig"
"journal-article-10.2307_40962682-ngram1.txt","THE EMPIRE BITES BACK: Food Politics and the Making of a Nation in Andrea Levy's Works"
"journal-article-10.2307_41068989-ngram1.txt","THE BLACK SCHOLAR BOOKS RECEIVED"
"journal-article-10.2307_1512260-ngram1.txt","Black Feminism and Queer Families: A Conversation with Thomas Allen Harris"
"journal-article-10.2307_2295256-ngram1.txt","African Canadian Women Teachers' Activism: Recreating Communities of Caring and Resistance"
"journal-article-10.2307_23316194-ngram1.txt","Gendered Narratives of Trauma and Revision in Gayl Jones's \"Corregidora\""
"journal-article-10.2307_27654969-ngram1.txt","\"My Body Is My Piece of Land\": Female Sexuality, Family, and Capital in Caribbean Texts"
"journal-article-10.2307_3041711-ngram1.txt","Travel as Metaphor and Reality in Afro-American Women's Autobiography, 1850-1972"
"journal-article-10.2307_43525420-ngram1.txt","The Invisibility of LGBT Individuals in Black Mega Churches: Political and Social Implications"
"journal-article-10.2307_44485248-ngram1.txt","Society and Self in Alice Walker's \"In Love and Trouble\""
"journal-article-10.2307_24589833-ngram1.txt","Queering Personhood in the Neo-Slave Narrative: Jewelle Gomez's \"The Gilda Stories\""
"journal-article-10.2307_24589794-ngram1.txt","Beautiful White Girlhood?: Daisy Buchanan in Nella Larsen's \"Passing\""
"journal-article-10.2307_3300060-ngram1.txt","Just as Quare as They Want to Be: A Review of the Black Queer Studies in the Millennium Conference"
"journal-article-10.2307_3042121-ngram1.txt","\"The Laws were Laid Down to Me Anew\": Harriet Jacobs and the Reframing of Legal Fictions"
"journal-article-10.2307_40033753-ngram1.txt","Face Value: Ambivalent Citizenship in \"Iola Leroy\""
"journal-article-10.2307_44473573-ngram1.txt","In Search of Free Womanhood: Black Conduct Literature, Contemporary Cultural Production, and Pearl Cleage"
"journal-article-10.2307_3300843-ngram1.txt","Was Your Mama Mulatto? Notes toward a Theory of Racialized Sexuality in Gayl Jones's \"Corregidora\" and Julie Dash's \"Daughters of the Dust\""
"journal-article-10.2307_40033714-ngram1.txt","Revising Critical Judgments of \"The Autobiography of an Ex-Colored Man\""
"journal-article-10.2307_40282559-ngram1.txt","Healing Colonial Trauma: Marcus Garvey, Cargo Movements, and Symbolic Empowerment"
"journal-article-10.2307_44511761-ngram1.txt","\"Womanish\" and \"Wily:\" The Poetry of Wanda Coleman"
"journal-article-10.2307_3299350-ngram1.txt","Public and Private Discourses and the Black Female Subject: Gayl Jones' \"Eva's Man\""
"journal-article-10.2307_41069048-ngram1.txt","THE BLACK SCHOLAR BOOKS RECEIVED"
"journal-article-10.2307_23274340-ngram1.txt","THE ENTOMBED MATERNAL IN GLORIA NAYLOR'S \"LINDEN HILLS\""
"journal-article-10.2307_2645893-ngram1.txt","The Hip Hop Generation: African American Male-Female Relationships in a Nightclub Setting"
"journal-article-10.2307_27743052-ngram1.txt","The Iron Fettered Weight of All Civilization: The Project of Barbara Chase-Riboud's Narratives of Slavery"
"journal-article-10.2307_3031504-ngram1.txt","The Negro in Periodical Literature, 1985-1989, Part II"
"journal-article-10.2307_3299872-ngram1.txt","Shutting up the Subaltern: Silences, Stereotypes, and Double-Entendre in Jean Rhys's \"Wide Sargasso Sea\""
"journal-article-10.2307_41819069-ngram1.txt","[Appreciating Multiculturalism: Exercises for Teaching Diversity]"
"journal-article-10.2307_44511739-ngram1.txt","\"I am. Are you ready?\" The Challenge of Audre Lorde's Poetics of Inclusion"
"journal-article-10.2307_25780793-ngram1.txt","African Americans and HIV/AIDS—The Epidemic Continues: An Intervention to Address the HIV/AIDS Pandemic in the Black Community"
"journal-article-10.2307_2903308-ngram1.txt","\"So Strangely Interwoven\": The Property of Inheritance, Race, and Sexual Morality in Pauline E. Hopkins's Contending Forces"
"journal-article-10.2307_41068967-ngram1.txt","THE BLACK SCHOLAR BOOKS RECEIVED"
"journal-article-10.2307_41068997-ngram1.txt","UNRISD CONFERENCE NEWS: Racism and Public Policy: International Conference Report 3-5 September 2001, Durban, South Africa"
"journal-article-10.2307_41068734-ngram1.txt","THE BLACK SCHOLAR BOOKS RECEIVED"
"journal-article-10.5406_womgenfamcol.1.2.0207-ngram1.txt","Connecting Intersectionality and Nepantla to Resist Oppressions: A Feminist Fiction Approach"
"journal-article-10.2307_2645944-ngram1.txt","Quality of Life: Perceptions of African Americans"
"journal-article-10.2307_2903309-ngram1.txt","Not Black and/or White: Reading Racial Difference in Heliodorus's Ethiopica and Pauline Hopkins's Of One Blood"
"journal-article-10.2307_40282626-ngram1.txt","The Power of Black Magic: The Magical Negro and White Salvation in Film"
"journal-article-10.2307_43525526-ngram1.txt","Scribblin' Sinnin' Sh*t: Narratives of Rape as Masculine Therapeutic Performance in the Strange Case For and Against Tyler, The Creator"
"journal-article-10.2307_3133866-ngram1.txt","Cornel West Matters: His Peer Citation Record Stands Near the Very Top"
"journal-article-10.2307_40282596-ngram1.txt","A \"Man's Woman\"? Contradictory Messages in the Songs of Female Rappers, 1992-2000"
"journal-article-10.2307_40301261-ngram1.txt","The New Negro Flâneuse in Nella Larsen's \"Quicksand\""
"journal-article-10.2307_41068560-ngram1.txt","Front Matter"
"journal-article-10.2979_spectrum.3.1.25-ngram1.txt","Narrating Fatherhood and Masculinities in Senegal: The Case of Naffissatou Diallo inA Dakar Childhood"
"journal-article-10.5325_jafrireli.2.1.0001-ngram1.txt","Pastor, Mentor, or Father? The Contested Intimacies of the Eddie Long Sex Abuse Scandal"
"journal-article-10.2307_23215203-ngram1.txt","Venus, Serena, and the Inconspicuous Consumption of Blackness: A Commentary on Surveillance, Race Talk, and New Racism(s)"
"journal-article-10.2307_3300844-ngram1.txt","Remaking Identity, Unmaking Nation: Historical Recovery and the Reconstruction of Community in \"In the Time of the Butterflies\" and \"The Farming of Bones\""
"journal-article-10.2307_44489314-ngram1.txt","\"A Dramatic Picture . . . of Woman from Feudalism to Fascism:\" Richard Wright's \"Black Hope\""
"journal-article-10.2307_24572858-ngram1.txt","Missy \"Misdemeanor\" Elliott and Nicki Minaj: Fashionistin' Black Female Sexuality in Hip-Hop Culture—Girl Power or Overpowered?"
"journal-article-10.2307_27743149-ngram1.txt","Madness and the Mulâtre-Aristocrate: Haiti, Decolonization, and Women in Marie Chauvet's \"Amour\""
"journal-article-10.2307_40034410-ngram1.txt","Race and the \"I have a Dream\" Legacy: Exploring Predictors of Positive Civil Rights Attitudes"
"journal-article-10.2307_41068755-ngram1.txt","THE BLACK SCHOLAR BLACK BOOKS ROUNDUP #22"
"journal-article-10.2307_41328606-ngram1.txt","On Chester Himes and Success"
"journal-article-10.2307_44489260-ngram1.txt","Altered Spaces: Interrogating Tradition and Modernity in Ama Ata Aidoo's \"Changes\""
"journal-article-10.2307_24589753-ngram1.txt","Dubwise into the Future: Versioning Modernity in Nalo Hopkinson"
"journal-article-10.2307_3042573-ngram1.txt","Visual Markers: Art and Mass Media in Alice Walker's Meridian"
"journal-article-10.2307_3299310-ngram1.txt","Back Matter"
"journal-article-10.2307_40282581-ngram1.txt","Deconstructing Cartesian Dualisms of Western Racialized Systems: A Study in the Colors Black and White"
"journal-article-10.2307_2903338-ngram1.txt","Power and Knowledge in Walter Mosley's Devil in a Blue Dress"
"journal-article-10.2307_40033672-ngram1.txt","Creating the Beloved Community: Religion, Race, and Nation in Toni Morrison's \"Paradise\""
"journal-article-10.2307_1512261-ngram1.txt","Focusing on the Wrong Front: Historical Displacement, the Maginot Line, and \"The Bluest Eye\""
"journal-article-10.2307_1512357-ngram1.txt","\"This Strange Communion\": Surveillance and Spectatorship in Ann Petry's \"The Street\""
"journal-article-10.2307_25704091-ngram1.txt","Vixen Resistin': Redefining Black Womanhood in Hip-Hop Music Videos"
"journal-article-10.2307_2903284-ngram1.txt","\"The Porch Couldn't Talk for Looking\": Voice and Vision in Their Eyes Were Watching God"
"journal-article-10.2307_2903362-ngram1.txt","Reading and Insight in Toni Morrison's Paradise"
"journal-article-10.2307_3041970-ngram1.txt","Heroic \"Hussies\" and \"Brilliant Queers\": Genderracial Resistance in the Works of Langston Hughes"
"journal-article-10.2307_40407509-ngram1.txt","Black Digest of Literature"
"journal-article-10.2307_41819168-ngram1.txt","Stepping Off Stage: Towards a More Reflexive Blackness"
"journal-article-10.2307_41819432-ngram1.txt","John Coltrane's Style of Jazz and the Improvisational Lives of Profeminist Black Men"
"journal-article-10.2307_44473574-ngram1.txt","A Contemporary Vision of Female/Male Romantic Love: Pearl Cleage's \"What Looks Like Crazy on an Ordinary Day\""
"journal-article-10.2307_2935088-ngram1.txt","If You Can't Join 'Em, Beat 'Em"
"journal-article-10.2307_41068154-ngram1.txt","THE BLACK UNDERCLASS: THEORY AND REALITY"
"journal-article-10.2307_41412506-ngram1.txt","\"CHATTERTON, SHELLEY, KEATS AND I\": Reading Anne Spencer in the White Literary Tradition"
"journal-article-10.5406_womgenfamcol.1.1.0085-ngram1.txt","Latina Sexuality: De(re)constructing Gender and Cultural Expectations in Midlife"
"journal-article-10.2307_25073792-ngram1.txt","Black Digest of Literature"
"journal-article-10.2307_27655132-ngram1.txt","Back Matter"
"journal-article-10.2307_2901245-ngram1.txt","Fluidity without Postmodernism: Michelle Cliff and the \"Tragic Mulatta\" Tradition"
"journal-article-10.2307_3180962-ngram1.txt","\"Ally McBeal\" and Her Homies: The Reification of White Stereotypes of the Other"
"journal-article-10.2307_20064153-ngram1.txt","\"Mad\" Enough to Kill: Enslaved Women, Murder, and Southern Courts"
"journal-article-10.2307_3042219-ngram1.txt","Missing Peace in Toni Morrison's Sula and Beloved"
"journal-article-10.2307_41068554-ngram1.txt","THE BLACK SCHOLAR BOOKS RECEIVED"
"journal-article-10.2307_41819076-ngram1.txt","C.R.A.C.K.: Unethical? What About Misogynist, Racist, and Classist?"
"journal-article-10.5323_jafriamerhist.99.3.0173-ngram1.txt","“PREMATURELY KNOWING OF EVIL THINGS”: THE SEXUAL ABUSE OF AFRICAN AMERICAN GIRLS AND YOUNG WOMEN IN SLAVERY AND FREEDOM"
"journal-article-10.2307_24572952-ngram1.txt","\"Don't Let Me Be Misunderstood\": Nina Simone's Africana Womanism"
"journal-article-10.2307_27743153-ngram1.txt","Octavia Butler's \"Parable\" Novels and the \"Boomerang\" of African American History"
"journal-article-10.2307_2935262-ngram1.txt","Check Your Head"
"journal-article-10.2307_41069028-ngram1.txt","THE BLACK SCHOLAR BOOKS RECEIVED"
"journal-article-10.2307_41819118-ngram1.txt","Attitudes toward Maternal Roles and the Effects on Life Satisfaction: Black, Hispanic, and White Models"
"journal-article-10.2307_3042338-ngram1.txt","The Re-Objectification and Re-Commodification of Saartjie Baartman in Suzan-Lori Parks's Venus"
"journal-article-10.2307_41819209-ngram1.txt","Making Fathers: Black Men's Response to Fatherhood Initiatives"
"journal-article-10.2307_2903987-ngram1.txt","The Conservation of \"Race\""
"journal-article-10.2307_41819082-ngram1.txt","Perceptions of Partner Risk and Influences on Sexual Decision-Making for HIV Prevention among Students at Historically Black Colleges and Universities"
"journal-article-10.2307_43525407-ngram1.txt","Brotherly Love: Homosociality and Black Masculinity in Gangsta Rap Music"
"journal-article-10.2307_27802555-ngram1.txt","Black Feminist Studies: The Case of Anna Julia Cooper"
"journal-article-10.2307_3180855-ngram1.txt","Navigating between Two Worlds: The Labyrinth of Chicana Intellectual Production in the Academy"
"journal-article-10.2307_3300644-ngram1.txt","Rhys's Pieces: Unhomeliness as Arbiter of Caribbean Creolization"
"journal-article-10.2307_3805590-ngram1.txt"," When One Drop Isn't Enough: War as a Crucible of Racial Identity in the Novels of Mayotte Capécia"
"journal-article-10.2307_41069192-ngram1.txt","A Personal Journey from Women's Rights to Civil Rights to Human Rights"
"journal-article-10.5325_jafrireli.1.1.0133-ngram1.txt","Invisible Women"
"journal-article-10.2307_24589760-ngram1.txt","L as Language: \"Love\" and Ethics"
"journal-article-10.2307_2901279-ngram1.txt","Somebody Else's Foremother: David Haynes and Zora Neale Hurston"
"journal-article-10.2307_40407617-ngram1.txt","Black Digest of Literature"
"journal-article-10.2307_41068715-ngram1.txt","THE BLACK SCHOLAR BOOKS RECEIVED"
"journal-article-10.2307_2931399-ngram1.txt"," Reading and Writing the Body of the Négresse in Françoise Ega's Lettres à Une Noire"
"journal-article-10.2307_41819077-ngram1.txt","Recovery: An Alternative to Sterilization of Chemically Dependent Women"
"journal-article-10.2307_41819295-ngram1.txt","Cornelius Eady's \"You Don't Miss Your Water\": Its Womanist/Feminist Perspective"
"journal-article-10.5406_blacwomegendfami.3.1.0016-ngram1.txt","Rural Women and the Varieties of Black Politics in Bahia, Brazil"
"journal-article-10.2307_1512450-ngram1.txt","Fashioning the Body [as] Politic in Julie Dash's \"Daughters of the Dust\""
"journal-article-10.2307_40301249-ngram1.txt","Black Church, Black Patriarchy, and the \"Brilliant Queer\": Competing Masculinities in Langston Hughes's \"Blessed Assurance\""
"journal-article-10.2307_27655127-ngram1.txt","Black Fire Reignited"
"journal-article-10.2307_3041860-ngram1.txt","Anti-Lynch Plays by African American Women: Race, Gender, and Social Protest in American Drama"
"journal-article-10.2307_3134074-ngram1.txt","Black Digest of Literature"
"journal-article-10.2307_40034877-ngram1.txt","Social Oppression and Attitudes toward Sexual Practices"
"journal-article-10.2307_41068981-ngram1.txt","The Heart of the Matter: Motherhood and Marriage in the Autobiographies of Maya Angelou"
"journal-article-10.14321_nortafristud.14.2.0145-ngram1.txt","“The Impure Outsider”: Ritual Exclusion and Integration of Women in Maale, Southern Ethiopia"
"journal-article-10.2307_41068835-ngram1.txt","RESTING IN GARDENS, BATTLING IN DESERTS: BLACK WOMEN'S ACTIVISM"
"journal-article-10.2307_44490765-ngram1.txt","\"She was in th family-way\": The Dialectics of Modernity and Maternity in Jean Toomer's Cane"
"journal-article-10.2307_3300593-ngram1.txt"," Re-Creating Ayida-Wèdo: Feminizing the Serpent in Lilas Desquiron's \"Les Chemins De Loco-Miroir\""
"journal-article-10.2307_41068884-ngram1.txt","THE BLACK SCHOLAR BLACK BOOKS ROUNDUP #25"
"journal-article-10.2307_41819356-ngram1.txt","The UMOJA Principle in Action: African Americans Forging Twenty-First Century Families"
"journal-article-10.5406_blacwomegendfami.4.1.0037-ngram1.txt","Raza Womyn—Making it Safe to be Queer: Student Organizations as Retention Tools in Higher Education"
"journal-article-10.2307_2963059-ngram1.txt","Tenured Black Professors in the English Department of the Nation's 25 Highest-Ranked Universities"
"journal-article-10.2307_3300557-ngram1.txt","Beryl Gilroy's \"Fact-Fiction\": Through the Lens of the \"Quiet Old Lady\""
"journal-article-10.2307_2935086-ngram1.txt","Looking for Trouble"
"journal-article-10.2307_40027408-ngram1.txt","\"Simply a Menaced Boy\": Analogizing Color, Undoing Dominance in James Baldwin's \"Giovanni's Room\""
"journal-article-10.2307_41068810-ngram1.txt","THE BLACK SCHOLAR BOOKS RECEIVED"
"journal-article-10.2307_41069193-ngram1.txt","No One is Free While Others are Oppressed: An AfroLezfemcentric Journey"
"journal-article-10.2307_41819315-ngram1.txt","You Can Breathe Now: A Psychological Response to \"Waiting to Exhale\""
"journal-article-10.2307_1562477-ngram1.txt","Back Matter"
"journal-article-10.2307_27802566-ngram1.txt","\"Just Enough for the City\": Limitations of Space in Baldwin's Another Country"
"journal-article-10.2307_3300724-ngram1.txt","Melodramas of Beset Black Manhood?: Meditations on African-American Masculinity as Scholarly Topos and Social Menace an Introduction"
"journal-article-10.2307_40027058-ngram1.txt","Dunbar's Children"
"journal-article-10.2307_2901277-ngram1.txt","Hysteria and Trauma in Pauline Hopkins' Of One Blood; or, the Hidden Self"
"journal-article-10.2307_3042079-ngram1.txt","Towards a Map of Mis(Sed) Reading: The Presence of Absence in the Color Purple"
"journal-article-10.2307_3299568-ngram1.txt","Bill T. Jones, Tupac Shakur and the (Queer) Art of Death"
"journal-article-10.2307_20798345-ngram1.txt","Pastoral Care: Notions of Caring and the Black Female Principal"
"journal-article-10.2307_23274291-ngram1.txt","OF MALE EXILES AND FEMALE NATIONS: \"Sexual Errancy\" in Haitian Immigrant Literature"
"journal-article-10.2307_3041693-ngram1.txt","Are You as Colored as that Negro?: The Politics of Being Seen in Julie Dash's Illusions"
"journal-article-10.2307_40033689-ngram1.txt","Metaphorical Conceptions in Hip-Hop Music"
"journal-article-10.2307_41819045-ngram1.txt","\"White Is Right\": The Utilization of an Improper Ontological Perspective in Analyses of Black Experiences"
"journal-article-10.2307_44511759-ngram1.txt","Poetic Valuing of the Female Self: Selected Women's Writings from Brazil, Cuba and Guyana"
"journal-article-10.2307_4488363-ngram1.txt","An Interview with Gwendolyn D. Pough"
"journal-article-10.2307_2668074-ngram1.txt","A Critical Inquiry of Enslaved African Females and the Antebellum Hospital Experience"
"journal-article-10.2307_43525438-ngram1.txt","EDITORIAL: Introduction: Black Fraternal Organizations: Systems, Secrecy, and Solace"
"journal-article-10.2307_2931647-ngram1.txt","An Interview With Henry Louis Gates, Jr."
"journal-article-10.2307_3042463-ngram1.txt","The Pull to Memory and the Language of Place in Paule Marshall's The Chosen Place, The Timeless People and Praisesong for the Widow"
"journal-article-10.2307_2901298-ngram1.txt","Racial Hysteria: Female Pathology and Race Politics in Frances Harper's Iola Leroy and W. D. Howells's An Imperative Duty"
"journal-article-10.2307_40282582-ngram1.txt","Papa Was a Rolling Stone and I Am Too: Paternal Caregiving and Its Influence on the Sexual Behavior of Low-Income African American Men"
"journal-article-10.2307_41069802-ngram1.txt","THE BLACK SCHOLAR BOOKS RECEIVED"
"journal-article-10.2307_27743058-ngram1.txt","Spirit of the \"Amistad\": Figurations of Women in \"Echo of Lions\""
"journal-article-10.2307_41067130-ngram1.txt","THE BLACK SCHOLAR CLASSIFIED"
"journal-article-10.2307_41068806-ngram1.txt","Black Radical Congress: Summary of Workshop Sessions June 19-21, 1998 University of Illinois at Chicago Chicago Circle Center"
"journal-article-10.2307_41069844-ngram1.txt","THE BLACK SCHOLAR BLACK BOOKS ROUNDUP #29"
"journal-article-10.2307_25653997-ngram1.txt","Back Matter"
"journal-article-10.2307_3211196-ngram1.txt","\"You Can Never Be Too Rich or Too Thin\": Popular and Consumer Culture and the Americanization of Asian American Girls and Young Women"
"journal-article-10.2307_3300057-ngram1.txt","\"Couldn't Find Them Anywhere\": Thomas Glave's \"Whose Song\"? (Post)Modernist Literary Queerings, and the Trauma of Witnessing, Memory, and Testimony"
"journal-article-10.2307_41069026-ngram1.txt","journal-article-10.2307_41069026-ngram1.txt"
"journal-article-10.2307_25704085-ngram1.txt","Educational Resilience Among African Survivors of Child Sexual Abuse in South Africa"
"journal-article-10.2307_27743051-ngram1.txt","On Her Own Terms: An Interview with Barbara Chase-Riboud"
"journal-article-10.2307_2901256-ngram1.txt","Beyond Morrison and Walker: Looking Good and Looking Forward in Contemporary Black Women's Stories"
"journal-article-10.2307_2901338-ngram1.txt","Sally's Rape: Robbie McCauley's Survival Art"
"journal-article-10.2307_3042429-ngram1.txt","Race and Domesticity in The Color Purple"
"journal-article-10.2307_3300874-ngram1.txt","\"The Place She Miss\": Exile, Memory, and Resistance in Dionne Brand's Fiction"
"journal-article-10.2307_1512235-ngram1.txt","He Is a \"Bad Mother*$%@!#\": \"Shaft\" and Contemporary Black Masculinity"
"journal-article-10.2307_23316243-ngram1.txt","Leaving WAS Behind [with Response]"
"journal-article-10.2307_3041793-ngram1.txt","Ripping Away the Veil of Slavery: Literacy, Communal Love, and Self-Esteem in Three Slave Women's Narratives"
"journal-article-10.2307_3041794-ngram1.txt","Looking Back from Zora, or Talking Out Both Sides My Mouth for those Who Have Two Ears"
"journal-article-10.2307_40033694-ngram1.txt","New Women and New Negroes: Archetypal Womanhood in \"The Living Is Easy\""
"journal-article-10.2307_20064146-ngram1.txt","Back Matter"
"journal-article-10.2307_3137431-ngram1.txt","A Gentle Angry People"
"journal-article-10.2307_40407495-ngram1.txt","The Development of Black Women's Fiction: From Slavery to the Harlem Renaissance"
"journal-article-10.2307_41819182-ngram1.txt","Sex as Rebellion: A Close Reading of \"Lucy\" and \"Brown Girl, Brownstones\""
"journal-article-10.2307_23414669-ngram1.txt","Approaches to the Afro-Colombian Experience in Chile: South-South Immigration Toward the Northern Regions"
"journal-article-10.2307_2717645-ngram1.txt","The Negro in Periodical Literature--1992"
"journal-article-10.2307_2998796-ngram1.txt","Black Literary Digest"
"journal-article-10.2307_3211210-ngram1.txt","Equity Issues in the Academy: An Afro-Canadian Woman's Perspective"
"journal-article-10.2307_40033767-ngram1.txt","Begging to Differ: Nella Larsen's \"Quicksand\" and Anzia Yezierska's \"Arrogant Beggar\""
"journal-article-10.2307_41067156-ngram1.txt","WHITE POWER, BLACK DESPAIR VANESSA WILLIAMS IN BABYLON"
"journal-article-10.2307_44489258-ngram1.txt","\"Creating a Change in Continuity\": A Conversation with Makuchi, Author of The Sacred Door and Other Stories Cameroon Folktales of the Beba"
"journal-article-10.2307_2901339-ngram1.txt","Speaking in Tongues: An Interview with Science Fiction Writer Nalo Hopkinson"
"journal-article-10.2307_2932220-ngram1.txt","Back Matter"
"journal-article-10.2307_3299566-ngram1.txt","\"A Man Who Wants to Be a Woman\": Queerness as/and Healing Practices in Michelle Cliff's \"No Telephone to Heaven\""
"journal-article-10.5323_fire.2.2.0109-ngram1.txt","Culture and Resistance: Civil Rights Photography: Memphis, 1968"
"journal-article-10.2307_23784067-ngram1.txt","Traditional Rebirth: The Epistolary Genre in \"When Washington Was in Vogue\""
"journal-article-10.2307_2999109-ngram1.txt","Black Digest of Literature"
"journal-article-10.2307_30129785-ngram1.txt","Back Matter"
"journal-article-10.2307_3300098-ngram1.txt","Back Matter"
"journal-article-10.2307_4488386-ngram1.txt","Back Matter"
"journal-article-10.2307_27742977-ngram1.txt","Front Matter"
"journal-article-10.2307_2934918-ngram1.txt","Discriminations"
"journal-article-10.2307_3042357-ngram1.txt","Postmodern Ethnography and the Womanist Mission: Postcolonial Sensibilities in Possessing the Secret of Joy"
"journal-article-10.2307_2901239-ngram1.txt","\"The Sea Ain' Got No Back Door\": The Problems of Black Consciousness in Paule Marshall's Brown Girl, Brownstones"
"journal-article-10.2307_3299150-ngram1.txt","Conde's Critical Seesaw"
"journal-article-10.2307_3299567-ngram1.txt","Reading Melvin Dixon's \"Vanishing Rooms\": Experiencing \"The Ordinary Rope That Can Change in a Second to a Lyncher's Noose or a Rescue Line''"
"journal-article-10.2307_3300739-ngram1.txt","Back Matter"
"journal-article-10.2307_41069258-ngram1.txt","THE BLACK SCHOLAR BOOKS RECEIVED"
"journal-article-10.2307_20064048-ngram1.txt","Patriarchy, Politics, and Power: The Law, Rape, Race, and Reality in Slavery and Segregation"
"journal-article-10.2307_41069857-ngram1.txt","African-American Studies: Legacies &amp; Challenges: \"What Would Black Studies Be If We'd Listened to Toni Cade?\""
"journal-article-10.2307_41069879-ngram1.txt","THE BLACK SCHOLAR BOOKS RECEIVED"
"journal-article-10.2307_41243077-ngram1.txt","AN INTERVIEW WITH ROCÍO MUÑOZ FLORES"
"journal-article-10.2307_41819010-ngram1.txt","African American Homosexual Males on Predominantly White College and University Campuses"
"journal-article-10.2307_27654848-ngram1.txt","journal-article-10.2307_27654848-ngram1.txt"
"journal-article-10.2307_2931336-ngram1.txt","Report on The Second International Conference of Caribbean Women Writers"
"journal-article-10.2307_2932213-ngram1.txt","Okonkwo and His Mother: Things Fall Apart and Issues of Gender in the Constitution of African Postcolonial Discourse"
"journal-article-10.2307_3041798-ngram1.txt","At the Heart of Shange's Feminism: An Interview"
"journal-article-10.2307_41069105-ngram1.txt","THE BLACK SCHOLAR BOOKS RECEIVED"
"journal-article-10.2307_43525410-ngram1.txt","Race, Wrongful Conviction &amp; Exoneration"
"journal-article-10.2307_41069068-ngram1.txt","Breathing Life into Brown at Fifty: Lessons About Equal Justice"
"journal-article-10.2307_41069300-ngram1.txt","Intersectionality: Race and Gender in the 2008 Presidential Nomination Campaign"
"journal-article-10.2307_23783578-ngram1.txt","journal-article-10.2307_23783578-ngram1.txt"
"journal-article-10.2307_2784463-ngram1.txt","The Contribution of Women's Writing to the Literature and Intellectual Achievements of the Caribbean: Moi, Tituba Sorciere and Amour, Colere et Folie"
"journal-article-10.2307_2901391-ngram1.txt","journal-article-10.2307_2901391-ngram1.txt"
"journal-article-10.2307_3300287-ngram1.txt","Back Matter"
"journal-article-10.2307_25610042-ngram1.txt","Back Matter"
"journal-article-10.2307_27743037-ngram1.txt","journal-article-10.2307_27743037-ngram1.txt"
"journal-article-10.2307_30129761-ngram1.txt","Souls at the Crossroads, Africans on the Water: The Politics of Diasporic Melancholia"
"journal-article-10.2307_3299970-ngram1.txt","Back Matter"
"journal-article-10.2307_25073196-ngram1.txt","Black Digest of Literature"
"journal-article-10.2307_2784462-ngram1.txt","Claiming an Identity: Caribbean Women Writers in English"
"journal-article-10.2307_2962936-ngram1.txt","Black Literary Digest"
"journal-article-10.2307_3041998-ngram1.txt","\"Would You Really Rather Die than Bear My Young?\": The Construction of Gender, Race, and Species in Octavia E. Butler's \"Bloodchild\""
"journal-article-10.2307_44511744-ngram1.txt","Women In Walcott's Theatre"
"journal-article-10.2307_20064114-ngram1.txt","Back Matter"
"journal-article-10.2307_20064148-ngram1.txt","Front Matter"
"journal-article-10.2307_41069826-ngram1.txt","Colonial Caste Paradigms and The African Diaspora"
"journal-article-10.2307_2932032-ngram1.txt","Back Matter"
"journal-article-10.2307_3559057-ngram1.txt","Back Matter"
"journal-article-10.2307_3592447-ngram1.txt","The Emergence of Whiteness Studies on America's College Campuses"
"journal-article-10.2307_41067146-ngram1.txt","THE BLACK SCHOLAR CLASSIFIED"
"journal-article-10.2307_41069873-ngram1.txt","AFRICAN FEMINIST PERSPECTIVES OF POST-COLONIALITY"
"journal-article-10.2307_2668562-ngram1.txt","The University of Missouri-Columbia is Proud to Announce: The Arvarh E. Strickland Distinguished Professorship in African-American History and Culture"
"journal-article-10.2307_2784712-ngram1.txt","Back Matter"
"journal-article-10.2307_2935338-ngram1.txt","After Identity"
"journal-article-10.2307_3805593-ngram1.txt","journal-article-10.2307_3805593-ngram1.txt"
"journal-article-10.2307_41069863-ngram1.txt","THE BLACK SCHOLAR BOOKS RECEIVED"
"journal-article-10.2307_23215223-ngram1.txt","Freedom Hill Is Not for Sale—and Neither Is the Lower Ninth Ward"
"journal-article-10.2307_2931741-ngram1.txt","What It Means to Teach the Other When the Other Is the Self"
"journal-article-10.2307_2931340-ngram1.txt","Back Matter"
"journal-article-10.2307_41163944-ngram1.txt","Apartheid in Arizona? HB 2281 and Arizona's Denial of Human Rights of Peoples of Color"
"journal-article-10.2307_3299574-ngram1.txt","Back Matter"
"journal-article-10.2307_2784531-ngram1.txt","The Private/Plural Selves of Afro-German Women and the Search for a Public Voice"
"journal-article-10.2307_3042570-ngram1.txt","Sterling A. Brown's \"Literary Chronicles\""
"journal-article-10.2307_3298990-ngram1.txt","Back Matter"
"journal-article-10.2307_41163942-ngram1.txt","Obama, the Rise of the Hard Right, Arizona and Texas, and the Attack on Racilized Communities Studies"
"journal-article-10.2307_41819051-ngram1.txt","journal-article-10.2307_41819051-ngram1.txt"
"journal-article-10.2307_3299160-ngram1.txt","Greeting the New Century with a Different Kind of Magic: An Introduction to Emerging Women Writers"
"journal-article-10.2307_3299915-ngram1.txt","Back Matter"
"journal-article-10.2307_2932214-ngram1.txt","\"Yo Soy La Malinche\": Chicana Writers and the Poetics of Ethnonationalism"
"journal-article-10.2307_2935276-ngram1.txt","Husbands and Wives"
"journal-article-10.2307_3299731-ngram1.txt","Back Matter"
"journal-article-10.2307_40301204-ngram1.txt","Front Matter"
"journal-article-10.2307_41068875-ngram1.txt","The Critical Difference: Paule Marshall's Personal and Literary Legacy"
"journal-article-10.5323_fire.2.2.bm-ngram1.txt","Contributors"
"journal-article-10.2307_1512437-ngram1.txt","Front Matter"
"journal-article-10.2307_20064226-ngram1.txt","Volume Information"
"journal-article-10.2307_3041611-ngram1.txt","Richard Wright's Women Characters and Inequality"
"journal-article-10.2307_3300595-ngram1.txt","journal-article-10.2307_3300595-ngram1.txt"
"journal-article-10.2307_41069129-ngram1.txt","THE BLACK SCHOLAR BOOKS RECEIVED"
"journal-article-10.2307_44479694-ngram1.txt","'The Margin at the Centre': Teaching Black British Women Writers"
"journal-article-10.2307_2784868-ngram1.txt","Back Matter"
"journal-article-10.2307_2935328-ngram1.txt","Alien Nation"
"journal-article-10.2307_2935455-ngram1.txt","Back Matter"
"journal-article-10.2307_3042080-ngram1.txt","Sassafrass, Cypress &amp; Indigo: Ntozake Shange's Neo-Slave/Blues Narrative"
"journal-article-10.2307_24589852-ngram1.txt","Front Matter"
"journal-article-10.2307_44489103-ngram1.txt","Woman of The Lake"
"journal-article-10.2307_2668060-ngram1.txt","Back Matter"
"journal-article-10.2307_2931283-ngram1.txt","Back Matter"
"journal-article-10.2307_40732901-ngram1.txt","Back Matter"
"journal-article-10.2307_3041932-ngram1.txt","The Bluest Eye: Notes on History, Community, and Black Female Subjectivity"
"journal-article-10.2307_3042152-ngram1.txt","An Interview with Jewell Parker Rhodes"
"journal-article-10.2307_40732899-ngram1.txt","journal-article-10.2307_40732899-ngram1.txt"
"journal-article-10.2307_41069166-ngram1.txt","THE BLACK SCHOLAR BOOKS RECEIVED"
"journal-article-10.2307_44489269-ngram1.txt","Slavery is a Language"
"journal-article-10.2307_27743082-ngram1.txt","Back Matter"
"journal-article-10.2307_2784783-ngram1.txt","Communalism and the Reciprocity of Affection and Respect Among Interethnic Married Couples"
"journal-article-10.2307_2932310-ngram1.txt","Back Matter"
"journal-article-10.2307_3300645-ngram1.txt","Back Matter"
"journal-article-10.2307_40033706-ngram1.txt","journal-article-10.2307_40033706-ngram1.txt"
"journal-article-10.2307_3042002-ngram1.txt","Re-Viewing: Their Eyes"
"journal-article-10.2307_3300134-ngram1.txt","Back Matter"
"journal-article-10.2307_40033651-ngram1.txt","journal-article-10.2307_40033651-ngram1.txt"
"journal-article-10.2307_40732827-ngram1.txt","2009 CALLALOO CONFERENCE A Participant's Report"
"journal-article-10.2307_41069306-ngram1.txt","THE BLACK SCHOLAR BOOKS RECEIVED"
"journal-article-10.2307_41069920-ngram1.txt","THE BLACK SCHOLAR CLASSIFIED"
"journal-article-10.2307_41163935-ngram1.txt","THE BLACK SCHOLAR BOOKS RECEIVED"
"journal-article-10.2307_2935095-ngram1.txt","Back Matter"
"journal-article-10.2307_3041928-ngram1.txt","Front Matter"
"journal-article-10.2307_41069211-ngram1.txt","THE BLACK SCHOLAR BLACK BOOKS ROUNDUP #31"
"journal-article-10.2307_2784732-ngram1.txt","Back Matter"
"journal-article-10.2307_25610016-ngram1.txt","Volume Information"
"journal-article-10.2307_3300882-ngram1.txt","Back Matter"
"journal-article-10.2307_2904067-ngram1.txt","Excavating our History: The Importance of Biographies of Women of Color"
"journal-article-10.2307_40027418-ngram1.txt","journal-article-10.2307_40027418-ngram1.txt"
"journal-article-10.2307_40034681-ngram1.txt","journal-article-10.2307_40034681-ngram1.txt"
"journal-article-10.5323_jafriamerhist.95.2.bm-ngram1.txt","Back Matter"
"journal-article-10.2307_1512382-ngram1.txt","Front Matter"
"journal-article-10.2307_25653993-ngram1.txt","journal-article-10.2307_25653993-ngram1.txt"
"journal-article-10.2307_2901226-ngram1.txt","journal-article-10.2307_2901226-ngram1.txt"
"journal-article-10.2307_2901235-ngram1.txt","Front Matter"
"journal-article-10.2307_2931400-ngram1.txt"," Feminism, Race, and Difference in the Works of Mayotte Capécia, Michèle Lacrosil, and Jacqueline Manicom"
"journal-article-10.2307_41067729-ngram1.txt","On the Clarence Thomas Hearings"
"journal-article-10.2307_41069292-ngram1.txt","Front Matter"
"journal-article-10.2307_41328652-ngram1.txt","journal-article-10.2307_41328652-ngram1.txt"
"journal-article-10.2307_23784117-ngram1.txt","Contributors"
"journal-article-10.2307_2935314-ngram1.txt","Back Matter"
"journal-article-10.2307_3042526-ngram1.txt","Back Matter"
"journal-article-10.2307_40027039-ngram1.txt","journal-article-10.2307_40027039-ngram1.txt"
"journal-article-10.2307_2901233-ngram1.txt","Back Matter"
"journal-article-10.2307_2935342-ngram1.txt","Back Matter"
"journal-article-10.2307_3300811-ngram1.txt","Back Matter"
"journal-article-10.2307_40033780-ngram1.txt","Back Matter"
"journal-article-10.2307_41067763-ngram1.txt","Clarence Thomas and the Question of Fitness"
"journal-article-10.5325_jafrireli.2.4.0465-ngram1.txt","Ironic Reversals:"
"journal-article-10.2307_20064149-ngram1.txt","Introduction: Women, Slavery, and Historical Research"
"journal-article-10.2307_27743035-ngram1.txt","journal-article-10.2307_27743035-ngram1.txt"
"journal-article-10.2307_3041806-ngram1.txt","journal-article-10.2307_3041806-ngram1.txt"
"journal-article-10.2307_43526424-ngram1.txt","journal-article-10.2307_43526424-ngram1.txt"
"journal-article-10.2307_23316235-ngram1.txt","Back Matter"
"journal-article-10.2307_24589900-ngram1.txt","Contributors"
"journal-article-10.2307_2784790-ngram1.txt","Back Matter"
"journal-article-10.2307_2784809-ngram1.txt","Back Matter"
"journal-article-10.2307_2649032-ngram1.txt","Back Matter"
"journal-article-10.2307_2784778-ngram1.txt","Back Matter"
"journal-article-10.2307_2931656-ngram1.txt","An Interview With Samuel R. Delany"
"journal-article-10.2307_41068438-ngram1.txt","Paradigms of Exclusion and the 'Integration' of Multiculturalism"
"journal-article-10.2307_4129298-ngram1.txt","The Stealers of Fire: The French-Speaking Writers of the Caribbean and Their Strategies of Liberation"
"journal-article-10.2307_4134430-ngram1.txt","journal-article-10.2307_4134430-ngram1.txt"
"journal-article-10.2307_27802578-ngram1.txt","journal-article-10.2307_27802578-ngram1.txt"
"journal-article-10.2307_2935251-ngram1.txt","Back Matter"
"journal-article-10.2307_20064273-ngram1.txt","journal-article-10.2307_20064273-ngram1.txt"
"journal-article-10.2307_3042030-ngram1.txt","Back Matter"
"journal-article-10.2307_41067728-ngram1.txt","Race and Gender Stereotyping in the Thomas Confirmation Hearings"
"journal-article-10.2307_41069245-ngram1.txt","Front Matter"
"journal-article-10.2307_20064079-ngram1.txt","journal-article-10.2307_20064079-ngram1.txt"
"journal-article-10.2307_23783634-ngram1.txt","Contributors"
"journal-article-10.2307_23784114-ngram1.txt","journal-article-10.2307_23784114-ngram1.txt"
"journal-article-10.2307_2935348-ngram1.txt","Who's on Top?"
"journal-article-10.2307_41058717-ngram1.txt","CONTRIBUTING AUTHORS"
"journal-article-10.2307_41069652-ngram1.txt","CONTRIBUTING AUTHORS"
"journal-article-10.2307_41068426-ngram1.txt","Front Matter"
"journal-article-10.2307_2901295-ngram1.txt","Back Matter"
"journal-article-10.2307_40034418-ngram1.txt","Back Matter"
"journal-article-10.2307_23274351-ngram1.txt","journal-article-10.2307_23274351-ngram1.txt"
"journal-article-10.2307_2935138-ngram1.txt","Back Matter"
"journal-article-10.2307_44489247-ngram1.txt","terrorism"
"journal-article-10.2307_2903183-ngram1.txt","Front Matter"
